{"cameraMode":{"drawMode":0,"name":"Shaded","section":"Shading Mode"},"sceneLighting":false,"audioPlay":false,"sceneViewState":{"showFog":true,"showMaterialUpdate":false,"showSkybox":true,"showFlares":true,"showImageEffects":true,"showParticleSystems":true},"in2DMode":false,"pivot":{"x":1.0809999704360963,"y":1.7822909355163575,"z":-0.1413632035255432},"rotation":{"x":-0.14671988785266877,"y":0.707888126373291,"z":-0.1542150229215622,"w":-0.6734876036643982},"size":0.2857882082462311,"orthographic":true}