{"cameraMode":{"drawMode":0,"name":"Shaded","section":"Shading Mode"},"sceneLighting":false,"audioPlay":false,"sceneViewState":{"showFog":true,"showMaterialUpdate":false,"showSkybox":true,"showFlares":true,"showImageEffects":true,"showParticleSystems":true},"in2DMode":false,"pivot":{"x":12.234375,"y":1.0199999809265137,"z":11.90999984741211},"rotation":{"x":0.12336549907922745,"y":-0.43033865094184878,"z":0.059501759707927707,"w":0.8922159075737},"size":4.041658401489258,"orthographic":true}