{"cameraMode":{"drawMode":0,"name":"Shaded","section":"Shading Mode"},"sceneLighting":false,"audioPlay":false,"sceneViewState":{"showFog":true,"showMaterialUpdate":false,"showSkybox":true,"showFlares":true,"showImageEffects":true,"showParticleSystems":true},"in2DMode":false,"pivot":{"x":12.234375,"y":1.229801058769226,"z":12.043365478515625},"rotation":{"x":0.30552491545677187,"y":0.007714755367487669,"z":-0.002473549684509635,"w":0.9521496295928955},"size":4.7989420890808109,"orthographic":true}