{"cameraMode":{"drawMode":0,"name":"Shaded","section":"Shading Mode"},"sceneLighting":false,"audioPlay":false,"sceneViewState":{"showFog":true,"showMaterialUpdate":false,"showSkybox":true,"showFlares":true,"showImageEffects":true,"showParticleSystems":true},"in2DMode":false,"pivot":{"x":17.280000686645509,"y":6.800000190734863,"z":3.109999895095825},"rotation":{"x":0.2199047952890396,"y":-0.36875027418136599,"z":0.09024544060230255,"w":0.898621678352356},"size":28.3467960357666,"orthographic":true}