{"cameraMode":{"drawMode":0,"name":"Shaded","section":"Shading Mode"},"sceneLighting":false,"audioPlay":false,"sceneViewState":{"showFog":true,"showMaterialUpdate":false,"showSkybox":true,"showFlares":true,"showImageEffects":true,"showParticleSystems":true},"in2DMode":false,"pivot":{"x":0.5333747863769531,"y":7.93798828125,"z":1.619140625},"rotation":{"x":0.166015163064003,"y":-0.15461814403533936,"z":0.02636834979057312,"w":0.9735692143440247},"size":11.040181159973145,"orthographic":true}