{"cameraMode":{"drawMode":0,"name":"Shaded","section":"Shading Mode"},"sceneLighting":true,"audioPlay":false,"sceneViewState":{"showFog":true,"showMaterialUpdate":false,"showSkybox":true,"showFlares":true,"showImageEffects":true,"showParticleSystems":true},"in2DMode":false,"pivot":{"x":10.866676330566407,"y":-24.671817779541017,"z":38.73979187011719},"rotation":{"x":-0.40844330191612246,"y":-0.31378650665283205,"z":0.1518947333097458,"w":-0.8435876965522766},"size":24.545656204223634,"orthographic":true}