{"cameraMode":{"drawMode":0,"name":"Shaded","section":"Shading Mode"},"sceneLighting":false,"audioPlay":false,"sceneViewState":{"showFog":true,"showMaterialUpdate":false,"showSkybox":true,"showFlares":true,"showImageEffects":true,"showParticleSystems":true},"in2DMode":false,"pivot":{"x":12.234375,"y":1.229801058769226,"z":12.043365478515625},"rotation":{"x":0.13935385644435883,"y":-0.8161535859107971,"z":0.22061729431152345,"w":0.515559732913971},"size":4.7989420890808109,"orthographic":true}